{"name":"Flujo completo de compra","id":"compra-e2e-en-saucedemo;flujo-completo-de-compra","testSteps":[{"number":1,"description":"Dado que \"Usuario\" abre la aplicación de SauceDemo","duration":2810,"startTime":"2025-10-04T13:28:26.029348600-05:00[America/Guayaquil]","result":"SUCCESS","precondition":false,"level":0,"children":[{"number":2,"description":"Usuario opens the browser at https://www.saucedemo.com/","duration":2582,"startTime":"2025-10-04T13:28:26.252752700-05:00[America/Guayaquil]","result":"SUCCESS","precondition":false,"level":1}]},{"number":3,"description":"Cuando inicia sesión con usuario \"standard_user\" y password \"secret_sauce\"","duration":401,"startTime":"2025-10-04T13:28:28.839958800-05:00[America/Guayaquil]","result":"SUCCESS","precondition":false,"level":0,"children":[{"number":4,"description":"Usuario inicia sesión","duration":305,"startTime":"2025-10-04T13:28:28.934097-05:00[America/Guayaquil]","result":"SUCCESS","precondition":false,"level":1,"children":[{"number":5,"description":"Usuario enters \u0027standard_user\u0027 into usuario","duration":98,"startTime":"2025-10-04T13:28:28.937089400-05:00[America/Guayaquil]","result":"SUCCESS","precondition":false,"level":2},{"number":6,"description":"Usuario enters \u0027secret_sauce\u0027 into password","duration":58,"startTime":"2025-10-04T13:28:29.037007800-05:00[America/Guayaquil]","result":"SUCCESS","precondition":false,"level":2},{"number":7,"description":"Usuario clicks on botón login","duration":100,"startTime":"2025-10-04T13:28:29.097538800-05:00[America/Guayaquil]","result":"SUCCESS","precondition":false,"level":2}]}]},{"number":8,"description":"Y agrega los productos \"sauce-labs-backpack\" y \"sauce-labs-bike-light\" al carrito","duration":138,"startTime":"2025-10-04T13:28:29.242870800-05:00[America/Guayaquil]","result":"SUCCESS","precondition":false,"level":0,"children":[{"number":9,"description":"Usuario agrega productos al carrito","duration":127,"startTime":"2025-10-04T13:28:29.251865700-05:00[America/Guayaquil]","result":"SUCCESS","precondition":false,"level":1,"children":[{"number":10,"description":"Usuario clicks on botón agregar al carrito para sauce-labs-backpack","duration":63,"startTime":"2025-10-04T13:28:29.255855500-05:00[America/Guayaquil]","result":"SUCCESS","precondition":false,"level":2},{"number":11,"description":"Usuario clicks on botón agregar al carrito para sauce-labs-bike-light","duration":57,"startTime":"2025-10-04T13:28:29.321738700-05:00[America/Guayaquil]","result":"SUCCESS","precondition":false,"level":2}]}]},{"number":12,"description":"Y navega al carrito","duration":106,"startTime":"2025-10-04T13:28:29.382224400-05:00[America/Guayaquil]","result":"SUCCESS","precondition":false,"level":0,"children":[{"number":13,"description":"Usuario navega al carrito","duration":99,"startTime":"2025-10-04T13:28:29.387239200-05:00[America/Guayaquil]","result":"SUCCESS","precondition":false,"level":1,"children":[{"number":14,"description":"Usuario clicks on icono del carrito","duration":69,"startTime":"2025-10-04T13:28:29.388229800-05:00[America/Guayaquil]","result":"SUCCESS","precondition":false,"level":2}]}]},{"number":15,"description":"Y completa el checkout con nombre \"Juan\", apellido \"Pérez\" y código \"010101\"","duration":345,"startTime":"2025-10-04T13:28:29.488625900-05:00[America/Guayaquil]","result":"SUCCESS","precondition":false,"level":0,"children":[{"number":16,"description":"Usuario completa el formulario de checkout","duration":333,"startTime":"2025-10-04T13:28:29.498387-05:00[America/Guayaquil]","result":"SUCCESS","precondition":false,"level":1,"children":[{"number":17,"description":"Usuario clicks on botón checkout","duration":62,"startTime":"2025-10-04T13:28:29.499384300-05:00[America/Guayaquil]","result":"SUCCESS","precondition":false,"level":2},{"number":18,"description":"Usuario enters \u0027Juan\u0027 into nombre","duration":54,"startTime":"2025-10-04T13:28:29.593475900-05:00[America/Guayaquil]","result":"SUCCESS","precondition":false,"level":2},{"number":19,"description":"Usuario enters \u0027Pérez\u0027 into apellido","duration":57,"startTime":"2025-10-04T13:28:29.649100800-05:00[America/Guayaquil]","result":"SUCCESS","precondition":false,"level":2},{"number":20,"description":"Usuario enters \u0027010101\u0027 into código postal","duration":56,"startTime":"2025-10-04T13:28:29.706357100-05:00[America/Guayaquil]","result":"SUCCESS","precondition":false,"level":2},{"number":21,"description":"Usuario clicks on botón continuar","duration":68,"startTime":"2025-10-04T13:28:29.762639600-05:00[America/Guayaquil]","result":"SUCCESS","precondition":false,"level":2}]}]},{"number":22,"description":"Y finaliza la compra","duration":91,"startTime":"2025-10-04T13:28:29.834541400-05:00[America/Guayaquil]","result":"SUCCESS","precondition":false,"level":0,"children":[{"number":23,"description":"Usuario finaliza la compra","duration":84,"startTime":"2025-10-04T13:28:29.840271600-05:00[America/Guayaquil]","result":"SUCCESS","precondition":false,"level":1,"children":[{"number":24,"description":"Usuario clicks on botón finalizar","duration":58,"startTime":"2025-10-04T13:28:29.841300900-05:00[America/Guayaquil]","result":"SUCCESS","precondition":false,"level":2}]}]},{"number":25,"description":"Entonces debería ver el mensaje de confirmación que contiene \"THANK YOU FOR YOUR ORDER\"","duration":74,"startTime":"2025-10-04T13:28:29.926492500-05:00[America/Guayaquil]","result":"SUCCESS","precondition":false,"level":0,"children":[{"number":26,"description":"Then confirmation message$$ lambda/0x00000209c2457c88 should be a string containing \u0027THANK YOU FOR YOUR ORDER\u0027 ignoring case","duration":20,"startTime":"2025-10-04T13:28:29.977810800-05:00[America/Guayaquil]","result":"SUCCESS","precondition":false,"level":1}]}],"userStory":{"id":"compra-e2e-en-saucedemo","storyName":"Compra E2E en SauceDemo","displayName":"Compra E2E en SauceDemo","path":"compra/compra_e2e.feature","narrative":"  Como usuario final\n  Quiero autenticarme y realizar una compra\n  Para completar un flujo E2E hasta la confirmación del pedido","type":"feature","qualifiedTag":{"name":"Compra/Compra E2E en SauceDemo","type":"feature","displayName":"Compra/Compra E2E en SauceDemo"}},"featureTag":{"name":"Compra/Compra E2E en SauceDemo","type":"feature","displayName":"Compra/Compra E2E en SauceDemo"},"title":"Flujo completo de compra","description":"","tags":[{"name":"Chrome","type":"context","displayName":"Chrome"},{"name":"Windows","type":"context","displayName":"Windows"},{"name":"Compra/Compra E2E en SauceDemo","type":"feature","displayName":"Compra E2E en SauceDemo"},{"name":"Compra","type":"capability","displayName":"Compra"},{"name":"compra_e2e","type":"tag","displayName":"compra_e2e"},{"name":"Chrome, Windows","type":"context","displayName":"Chrome, Windows"}],"allTags":[{"name":"Chrome","type":"context","displayName":"Chrome"},{"name":"Windows","type":"context","displayName":"Windows"},{"name":"Compra/Compra E2E en SauceDemo","type":"feature","displayName":"Compra E2E en SauceDemo"},{"name":"Compra","type":"capability","displayName":"Compra"},{"name":"compra_e2e","type":"tag","displayName":"compra_e2e"},{"name":"Chrome, Windows","type":"context","displayName":"Chrome, Windows"}],"startTime":"2025-10-04T13:28:25.895705800-05:00[America/Guayaquil]","duration":4105,"projectKey":"","sessionId":"3bd5af238da277f38141c7b79e347588","driver":"chrome","isManualTestingUpToDate":false,"context":"chrome,windows","manual":false,"testSource":"Cucumber","actors":[{"name":"Usuario","can":["browse the web"]}],"result":"SUCCESS"}