{"name":"Flujo completo de compra","id":"compra-e2e-en-saucedemo;flujo-completo-de-compra","testSteps":[{"number":1,"description":"Dado que \"Usuario\" abre la aplicación de SauceDemo","duration":37,"startTime":"2025-10-04T13:01:23.146694600-05:00[America/Guayaquil]","result":"IGNORED","precondition":false,"level":0},{"number":2,"description":"Cuando inicia sesión con usuario \"standard_user\" y password \"secret_sauce\"","duration":2,"startTime":"2025-10-04T13:01:23.186604900-05:00[America/Guayaquil]","result":"IGNORED","precondition":false,"level":0},{"number":3,"description":"Y agrega los productos \"sauce-labs-backpack\" y \"sauce-labs-bike-light\" al carrito","duration":3,"startTime":"2025-10-04T13:01:23.190584600-05:00[America/Guayaquil]","result":"IGNORED","precondition":false,"level":0},{"number":4,"description":"Y navega al carrito","duration":3,"startTime":"2025-10-04T13:01:23.194573700-05:00[America/Guayaquil]","result":"IGNORED","precondition":false,"level":0},{"number":5,"description":"Y completa el checkout con nombre \"Juan\", apellido \"Pérez\" y código \"010101\"","duration":2,"startTime":"2025-10-04T13:01:23.199561-05:00[America/Guayaquil]","result":"IGNORED","precondition":false,"level":0},{"number":6,"description":"Y finaliza la compra","duration":2,"startTime":"2025-10-04T13:01:23.203549600-05:00[America/Guayaquil]","result":"IGNORED","precondition":false,"level":0},{"number":7,"description":"Entonces debería ver el mensaje de confirmación que contiene \"THANK YOU FOR YOUR ORDER\"","duration":3,"startTime":"2025-10-04T13:01:23.207538800-05:00[America/Guayaquil]","result":"IGNORED","precondition":false,"level":0}],"userStory":{"id":"compra-e2e-en-saucedemo","storyName":"Compra E2E en SauceDemo","displayName":"Compra E2E en SauceDemo","path":"compra/compra_e2e.feature","narrative":"  Como usuario final\n  Quiero autenticarme y realizar una compra\n  Para completar un flujo E2E hasta la confirmación del pedido","type":"feature","qualifiedTag":{"name":"Compra/Compra E2E en SauceDemo","type":"feature","displayName":"Compra/Compra E2E en SauceDemo"}},"featureTag":{"name":"Compra/Compra E2E en SauceDemo","type":"feature","displayName":"Compra/Compra E2E en SauceDemo"},"title":"Flujo completo de compra","description":"","tags":[{"name":"Windows","type":"context","displayName":"Windows"},{"name":"Compra/Compra E2E en SauceDemo","type":"feature","displayName":"Compra E2E en SauceDemo"},{"name":"Compra","type":"capability","displayName":"Compra"},{"name":"compra_e2e","type":"tag","displayName":"compra_e2e"}],"allTags":[{"name":"Windows","type":"context","displayName":"Windows"},{"name":"Compra/Compra E2E en SauceDemo","type":"feature","displayName":"Compra E2E en SauceDemo"},{"name":"Compra","type":"capability","displayName":"Compra"},{"name":"compra_e2e","type":"tag","displayName":"compra_e2e"}],"startTime":"2025-10-04T13:01:23.068971600-05:00[America/Guayaquil]","duration":0,"testFailureCause":{"errorType":"java.lang.NoClassDefFoundError","message":"org/openqa/selenium/HasDownloads","stackTrace":[{"declaringClass":"io.cucumber.java.AbstractGlueDefinition","methodName":"invokeMethod","fileName":"AbstractGlueDefinition.java","lineNumber":47},{"declaringClass":"io.cucumber.java.JavaHookDefinition","methodName":"execute","fileName":"JavaHookDefinition.java","lineNumber":64},{"declaringClass":"io.cucumber.core.runner.CoreHookDefinition","methodName":"execute","fileName":"CoreHookDefinition.java","lineNumber":46},{"declaringClass":"io.cucumber.core.runner.HookDefinitionMatch","methodName":"runStep","fileName":"HookDefinitionMatch.java","lineNumber":21},{"declaringClass":"io.cucumber.core.runner.TestStep","methodName":"executeStep","fileName":"TestStep.java","lineNumber":84},{"declaringClass":"io.cucumber.core.runner.TestStep","methodName":"run","fileName":"TestStep.java","lineNumber":56},{"declaringClass":"io.cucumber.core.runner.TestCase","methodName":"run","fileName":"TestCase.java","lineNumber":78},{"declaringClass":"io.cucumber.core.runner.Runner","methodName":"runPickle","fileName":"Runner.java","lineNumber":75},{"declaringClass":"io.cucumber.core.runtime.CucumberExecutionContext","methodName":"lambda$runTestCase$5","fileName":"CucumberExecutionContext.java","lineNumber":130},{"declaringClass":"io.cucumber.core.runtime.RethrowingThrowableCollector","methodName":"executeAndThrow","fileName":"RethrowingThrowableCollector.java","lineNumber":23},{"declaringClass":"io.cucumber.core.runtime.CucumberExecutionContext","methodName":"runTestCase","fileName":"CucumberExecutionContext.java","lineNumber":130},{"declaringClass":"io.cucumber.junit.FeatureRunner","methodName":"runChild","fileName":"FeatureRunner.java","lineNumber":144},{"declaringClass":"io.cucumber.junit.FeatureRunner","methodName":"runChild","fileName":"FeatureRunner.java","lineNumber":28},{"declaringClass":"io.cucumber.junit.FeatureRunner","methodName":"run","fileName":"FeatureRunner.java","lineNumber":137},{"declaringClass":"io.cucumber.junit.CucumberSerenityBaseRunner","methodName":"runChild","fileName":"CucumberSerenityBaseRunner.java","lineNumber":330},{"declaringClass":"io.cucumber.junit.CucumberSerenityBaseRunner","methodName":"runChild","fileName":"CucumberSerenityBaseRunner.java","lineNumber":51}],"rootCause":{"errorType":"java.lang.ClassNotFoundException","message":"org.openqa.selenium.HasDownloads","stackTrace":[{"declaringClass":"io.cucumber.java.AbstractGlueDefinition","methodName":"invokeMethod","fileName":"AbstractGlueDefinition.java","lineNumber":47},{"declaringClass":"io.cucumber.java.JavaHookDefinition","methodName":"execute","fileName":"JavaHookDefinition.java","lineNumber":64},{"declaringClass":"io.cucumber.core.runner.CoreHookDefinition","methodName":"execute","fileName":"CoreHookDefinition.java","lineNumber":46},{"declaringClass":"io.cucumber.core.runner.HookDefinitionMatch","methodName":"runStep","fileName":"HookDefinitionMatch.java","lineNumber":21},{"declaringClass":"io.cucumber.core.runner.TestStep","methodName":"executeStep","fileName":"TestStep.java","lineNumber":84},{"declaringClass":"io.cucumber.core.runner.TestStep","methodName":"run","fileName":"TestStep.java","lineNumber":56},{"declaringClass":"io.cucumber.core.runner.TestCase","methodName":"run","fileName":"TestCase.java","lineNumber":78},{"declaringClass":"io.cucumber.core.runner.Runner","methodName":"runPickle","fileName":"Runner.java","lineNumber":75},{"declaringClass":"io.cucumber.core.runtime.CucumberExecutionContext","methodName":"lambda$runTestCase$5","fileName":"CucumberExecutionContext.java","lineNumber":130},{"declaringClass":"io.cucumber.core.runtime.RethrowingThrowableCollector","methodName":"executeAndThrow","fileName":"RethrowingThrowableCollector.java","lineNumber":23},{"declaringClass":"io.cucumber.core.runtime.CucumberExecutionContext","methodName":"runTestCase","fileName":"CucumberExecutionContext.java","lineNumber":130},{"declaringClass":"io.cucumber.junit.FeatureRunner","methodName":"runChild","fileName":"FeatureRunner.java","lineNumber":144},{"declaringClass":"io.cucumber.junit.FeatureRunner","methodName":"runChild","fileName":"FeatureRunner.java","lineNumber":28},{"declaringClass":"io.cucumber.junit.FeatureRunner","methodName":"run","fileName":"FeatureRunner.java","lineNumber":137},{"declaringClass":"io.cucumber.junit.CucumberSerenityBaseRunner","methodName":"runChild","fileName":"CucumberSerenityBaseRunner.java","lineNumber":330},{"declaringClass":"io.cucumber.junit.CucumberSerenityBaseRunner","methodName":"runChild","fileName":"CucumberSerenityBaseRunner.java","lineNumber":51}]}},"testFailureClassname":"java.lang.NoClassDefFoundError","testFailureMessage":"org/openqa/selenium/HasDownloads","testFailureSummary":"ERROR;java.lang.NoClassDefFoundError;org/openqa/selenium/HasDownloads;AbstractGlueDefinition.java","projectKey":"","annotatedResult":"ERROR","isManualTestingUpToDate":false,"context":"windows","manual":false,"testSource":"Cucumber","result":"ERROR"}